{"data":[{"files":[{"branches":[[20,21,20,38,0,0,0,0,4],[28,9,28,27,0,0,0,0,4],[52,5,52,10,0,0,0,0,4],[67,5,67,10,0,0,0,0,4],[86,5,86,10,0,0,0,0,4],[98,9,98,35,0,0,0,0,4],[114,9,114,22,0,0,0,0,4],[120,9,120,33,0,0,0,0,4],[136,9,136,22,0,0,0,0,4],[142,9,142,33,0,0,0,0,4],[154,12,154,13,0,0,0,0,4],[160,13,160,19,0,1,0,0,4],[163,13,163,19,1,0,0,0,4],[167,13,167,19,0,1,0,0,4],[170,13,170,19,0,1,0,0,4],[173,13,173,19,0,1,0,0,4],[176,13,176,19,0,1,0,0,4],[179,13,179,19,0,1,0,0,4],[182,13,182,19,0,1,0,0,4],[185,13,185,19,0,1,0,0,4],[189,13,189,20,0,1,0,0,4]],"expansions":[],"filename":"/Users/alexbalta/Developer/School/Object-Oriented-Programing/lab4/src/console.c","segments":[[6,18,0,true,true,false],[17,2,0,false,false,false],[19,30,0,true,true,false],[20,21,0,true,true,false],[20,38,0,true,false,false],[20,40,0,true,true,false],[20,43,0,true,false,false],[20,45,0,true,true,false],[24,6,0,true,false,false],[25,2,0,false,false,false],[27,38,0,true,true,false],[28,9,0,true,true,false],[28,27,0,true,false,false],[28,29,0,true,true,false],[31,6,0,true,false,true],[32,1,0,false,true,false],[32,1,0,true,false,true],[33,5,0,true,true,false],[35,2,0,false,false,false],[37,35,0,true,true,false],[40,1,0,false,true,false],[40,1,0,true,false,false],[43,1,0,false,true,false],[43,1,0,true,false,false],[46,1,0,false,true,false],[46,1,0,true,false,false],[49,1,0,false,true,false],[49,1,0,true,false,false],[51,1,0,false,true,false],[51,1,0,true,false,false],[52,5,0,true,true,false],[52,10,0,true,false,false],[52,13,0,true,true,false],[52,51,0,true,false,false],[53,13,0,true,true,false],[53,54,0,true,false,false],[54,2,0,false,false,false],[56,38,0,true,true,false],[58,1,0,false,true,false],[58,1,0,true,false,false],[61,1,0,false,true,false],[61,1,0,true,false,false],[64,1,0,false,true,false],[64,1,0,true,false,false],[66,1,0,false,true,false],[66,1,0,true,false,false],[67,5,0,true,true,false],[67,10,0,true,false,false],[67,13,0,true,true,false],[67,51,0,true,false,false],[68,13,0,true,true,false],[68,55,0,true,false,false],[69,2,0,false,false,false],[71,38,0,true,true,false],[74,1,0,false,true,false],[74,1,0,true,false,false],[77,1,0,false,true,false],[77,1,0,true,false,false],[80,1,0,false,true,false],[80,1,0,true,false,false],[83,1,0,false,true,false],[83,1,0,true,false,false],[85,1,0,false,true,false],[85,1,0,true,false,false],[86,5,0,true,true,false],[86,10,0,true,false,false],[86,13,0,true,true,false],[86,51,0,true,false,false],[87,13,0,true,true,false],[87,71,0,true,false,false],[88,2,0,false,false,false],[90,46,0,true,true,false],[92,1,0,false,true,false],[92,1,0,true,false,false],[95,1,0,false,true,false],[95,1,0,true,false,false],[97,1,0,false,true,false],[97,1,0,true,false,false],[98,9,0,true,true,false],[98,35,0,true,false,false],[98,37,0,true,true,false],[100,6,0,true,false,false],[101,1,0,false,true,false],[101,1,0,true,false,false],[103,1,0,false,true,false],[103,1,0,true,false,false],[105,2,0,false,false,false],[107,44,0,true,true,false],[111,1,0,false,true,false],[111,1,0,true,false,false],[113,1,0,false,true,false],[113,1,0,true,false,false],[114,9,0,true,true,false],[114,22,0,true,false,false],[114,24,0,true,true,false],[116,6,0,true,false,true],[116,12,0,true,true,false],[118,6,0,true,false,false],[119,1,0,false,true,false],[119,1,0,true,false,false],[120,9,0,true,true,false],[120,33,0,true,false,false],[120,35,0,true,true,false],[122,6,0,true,false,false],[123,1,0,false,true,false],[123,1,0,true,false,false],[125,1,0,false,true,false],[125,1,0,true,false,false],[127,2,0,false,false,false],[129,43,0,true,true,false],[133,1,0,false,true,false],[133,1,0,true,false,false],[135,1,0,false,true,false],[135,1,0,true,false,false],[136,9,0,true,true,false],[136,22,0,true,false,false],[136,24,0,true,true,false],[138,6,0,true,false,true],[138,12,0,true,true,false],[140,6,0,true,false,false],[141,1,0,false,true,false],[141,1,0,true,false,false],[142,9,0,true,true,false],[142,33,0,true,false,false],[142,35,0,true,true,false],[144,6,0,true,false,false],[145,1,0,false,true,false],[145,1,0,true,false,false],[147,1,0,false,true,false],[147,1,0,true,false,false],[149,2,0,false,false,false],[151,19,1,true,true,false],[153,1,0,false,true,false],[153,1,1,true,false,false],[154,12,1,true,true,false],[154,13,1,true,false,false],[154,15,1,true,true,false],[158,1,0,false,true,false],[158,1,1,true,false,false],[159,25,0,true,false,true],[160,13,0,true,true,false],[162,22,0,true,false,true],[163,13,1,true,true,false],[166,35,0,true,false,true],[167,13,0,true,true,false],[169,22,0,true,false,true],[170,13,0,true,true,false],[172,22,0,true,false,true],[173,13,0,true,true,false],[175,22,0,true,false,true],[176,13,0,true,true,false],[178,22,0,true,false,true],[179,13,0,true,true,false],[181,22,0,true,false,true],[182,13,0,true,true,false],[184,22,0,true,false,true],[185,13,0,true,true,false],[187,22,0,true,false,true],[188,1,0,false,true,false],[188,1,0,true,false,true],[189,13,0,true,true,false],[191,22,1,true,false,false],[194,2,0,false,false,false]],"summary":{"branches":{"count":40,"covered":10,"notcovered":30,"percent":25},"functions":{"count":10,"covered":1,"percent":10},"instantiations":{"count":10,"covered":1,"percent":10},"lines":{"count":147,"covered":14,"percent":9.5238095238095237},"regions":{"count":49,"covered":4,"notcovered":45,"percent":8.1632653061224492}}},{"branches":[[22,9,22,28,7,0,0,0,4]],"expansions":[],"filename":"/Users/alexbalta/Developer/School/Object-Oriented-Programing/lab4/src/entity.c","segments":[[7,43,7,true,true,false],[9,1,0,false,true,false],[9,1,7,true,false,false],[12,1,0,false,true,false],[12,1,7,true,false,false],[15,1,0,false,true,false],[15,1,7,true,false,false],[17,1,0,false,true,false],[17,1,7,true,false,false],[19,2,0,false,false,false],[21,51,7,true,true,false],[22,9,7,true,true,false],[22,28,7,true,false,false],[22,30,7,true,true,false],[26,6,7,true,false,false],[27,2,0,false,false,false],[29,46,23,true,true,false],[31,2,0,false,false,false],[33,45,16,true,true,false],[35,2,0,false,false,false],[37,40,14,true,true,false],[39,2,0,false,false,false],[41,55,2,true,true,false],[43,2,0,false,false,false]],"summary":{"branches":{"count":2,"covered":1,"notcovered":1,"percent":50},"functions":{"count":6,"covered":6,"percent":100},"instantiations":{"count":6,"covered":6,"percent":100},"lines":{"count":28,"covered":28,"percent":100},"regions":{"count":8,"covered":8,"notcovered":0,"percent":100}}},{"branches":[],"expansions":[],"filename":"/Users/alexbalta/Developer/School/Object-Oriented-Programing/lab4/src/main.c","segments":[[4,12,1,true,true,false],[8,2,0,false,false,false]],"summary":{"branches":{"count":0,"covered":0,"notcovered":0,"percent":0},"functions":{"count":1,"covered":1,"percent":100},"instantiations":{"count":1,"covered":1,"percent":100},"lines":{"count":5,"covered":5,"percent":100},"regions":{"count":1,"covered":1,"notcovered":0,"percent":100}}},{"branches":[[17,9,17,21,3,0,0,0,4],[18,25,18,39,3,3,0,0,4],[44,9,44,37,4,7,0,0,4],[57,9,57,18,1,2,0,0,4],[68,9,68,18,1,3,0,0,4],[74,23,74,37,5,3,0,0,4],[82,21,82,35,11,3,0,0,4],[83,13,83,65,6,5,0,0,4],[84,13,84,63,6,0,0,0,4]],"expansions":[],"filename":"/Users/alexbalta/Developer/School/Object-Oriented-Programing/lab4/src/repository.c","segments":[[6,20,7,true,true,false],[8,1,0,false,true,false],[8,1,7,true,false,false],[12,1,0,false,true,false],[12,1,7,true,false,false],[14,2,0,false,false,false],[16,30,3,true,true,false],[17,9,3,true,true,false],[17,21,3,true,false,false],[17,23,3,true,true,false],[18,25,6,true,true,false],[18,39,3,true,false,false],[18,41,3,true,true,false],[18,44,3,true,false,false],[18,46,3,true,true,false],[20,10,3,true,false,false],[24,2,0,false,false,false],[26,29,4,true,true,false],[28,1,0,false,true,false],[28,1,4,true,false,false],[31,1,0,false,true,false],[31,1,4,true,false,false],[33,2,0,false,false,false],[35,25,20,true,true,false],[37,2,0,false,false,false],[39,48,13,true,true,false],[41,2,0,false,false,false],[43,59,11,true,true,false],[44,9,11,true,true,false],[44,37,11,true,false,false],[44,38,4,true,false,true],[44,39,4,true,true,false],[46,6,11,true,false,false],[47,1,0,false,true,false],[47,1,11,true,false,false],[50,1,0,false,true,false],[50,1,11,true,false,false],[51,2,0,false,false,false],[54,37,3,true,true,false],[56,1,0,false,true,false],[56,1,3,true,false,false],[57,9,3,true,true,false],[57,18,3,true,false,false],[57,19,1,true,false,true],[57,20,1,true,true,false],[59,6,2,true,false,true],[60,1,0,false,true,false],[60,1,2,true,false,true],[61,5,2,true,true,false],[62,13,3,true,false,false],[63,2,0,false,false,false],[65,80,4,true,true,false],[67,1,0,false,true,false],[67,1,4,true,false,false],[68,9,4,true,true,false],[68,18,4,true,false,false],[68,19,1,true,false,true],[68,20,1,true,true,false],[70,6,3,true,false,true],[71,1,0,false,true,false],[71,1,3,true,false,true],[72,5,3,true,true,false],[73,1,0,false,true,false],[73,1,3,true,false,false],[74,23,8,true,true,false],[74,37,3,true,false,false],[74,39,5,true,true,false],[74,42,3,true,false,false],[74,43,5,true,false,true],[74,44,5,true,true,false],[76,6,3,true,false,false],[78,13,4,true,false,false],[79,2,0,false,false,false],[81,72,9,true,true,false],[82,21,14,true,true,false],[82,35,9,true,false,false],[82,37,5,true,true,false],[82,40,9,true,false,false],[82,41,11,true,false,true],[82,42,11,true,true,false],[83,13,11,true,true,false],[83,65,11,true,false,false],[84,13,6,true,true,false],[84,63,11,true,false,false],[84,64,6,true,false,true],[85,13,6,true,true,false],[85,21,11,true,false,false],[86,6,3,true,false,true],[87,1,0,false,true,false],[87,1,3,true,false,true],[88,5,3,true,true,false],[88,14,9,true,false,false],[89,2,0,false,false,false]],"summary":{"branches":{"count":18,"covered":16,"notcovered":2,"percent":88.888888888888886},"functions":{"count":9,"covered":9,"percent":100},"instantiations":{"count":9,"covered":9,"percent":100},"lines":{"count":63,"covered":63,"percent":100},"regions":{"count":33,"covered":33,"notcovered":0,"percent":100}}},{"branches":[[22,9,22,32,1,4,0,0,4],[22,36,22,58,0,4,0,0,4],[23,9,23,29,0,4,0,0,4],[33,9,33,32,1,2,0,0,4],[33,36,33,58,0,2,0,0,4],[42,9,42,32,0,2,0,0,4],[42,36,42,58,1,1,0,0,4],[43,9,43,32,0,1,0,0,4],[53,21,53,38,4,2,0,0,4],[54,13,54,51,1,3,0,0,4],[74,21,74,38,4,2,0,0,4],[78,21,78,44,2,2,0,0,4],[79,29,79,48,2,2,0,0,4],[80,18,80,67,2,0,0,0,4],[80,71,80,84,2,0,0,0,4],[81,18,81,68,0,0,0,0,4],[81,72,81,85,0,0,0,0,4]],"expansions":[],"filename":"/Users/alexbalta/Developer/School/Object-Oriented-Programing/lab4/src/service.c","segments":[[7,22,2,true,true,false],[9,2,0,false,false,false],[11,37,2,true,true,false],[13,2,0,false,false,false],[15,34,4,true,true,false],[18,2,0,false,false,false],[21,38,5,true,true,false],[22,9,5,true,true,false],[22,32,5,true,false,false],[22,36,4,true,true,false],[22,58,5,true,false,false],[23,9,4,true,true,false],[23,29,5,true,false,false],[23,30,1,true,false,true],[23,31,1,true,true,false],[25,6,4,true,false,true],[26,1,0,false,true,false],[26,1,4,true,false,true],[27,5,4,true,true,false],[29,13,5,true,false,false],[30,2,0,false,false,false],[32,87,3,true,true,false],[33,9,3,true,true,false],[33,32,3,true,false,false],[33,36,2,true,true,false],[33,58,3,true,false,false],[33,59,1,true,false,true],[33,60,1,true,true,false],[35,6,2,true,false,true],[36,1,0,false,true,false],[36,1,2,true,false,true],[37,5,2,true,true,false],[37,56,3,true,false,false],[38,2,0,false,false,false],[41,44,2,true,true,false],[42,9,2,true,true,false],[42,32,2,true,false,false],[42,36,2,true,true,false],[42,58,2,true,false,false],[43,9,1,true,true,false],[43,32,2,true,false,false],[43,33,1,true,false,true],[43,34,1,true,true,false],[45,6,1,true,false,true],[46,1,0,false,true,false],[46,1,1,true,false,true],[47,5,1,true,true,false],[47,66,2,true,false,false],[48,2,0,false,false,false],[50,66,2,true,true,false],[52,1,0,false,true,false],[52,1,2,true,false,false],[53,21,6,true,true,false],[53,38,2,true,false,false],[53,40,4,true,true,false],[53,43,2,true,false,false],[53,44,4,true,false,true],[53,45,4,true,true,false],[54,13,4,true,true,false],[54,51,4,true,false,false],[54,52,1,true,false,true],[54,53,1,true,true,false],[56,10,4,true,false,false],[57,6,2,true,false,false],[58,1,0,false,true,false],[58,1,2,true,false,false],[60,2,0,false,false,false],[62,53,1,true,true,false],[64,2,0,false,false,false],[66,54,1,true,true,false],[68,2,0,false,false,false],[71,99,2,true,true,false],[73,1,0,false,true,false],[73,1,2,true,false,false],[74,21,6,true,true,false],[74,38,2,true,false,false],[74,40,4,true,true,false],[74,43,2,true,false,false],[74,44,4,true,false,true],[74,45,4,true,true,false],[76,6,2,true,false,false],[77,1,0,false,true,false],[77,1,2,true,false,false],[78,21,4,true,true,false],[78,44,2,true,false,false],[78,46,2,true,true,false],[78,49,2,true,false,false],[78,51,2,true,true,false],[79,29,4,true,true,false],[79,48,2,true,false,false],[79,50,2,true,true,false],[79,53,2,true,false,false],[79,55,2,true,true,false],[80,17,2,true,true,false],[80,18,2,true,true,false],[80,67,2,true,false,false],[80,71,2,true,true,false],[80,84,2,true,false,false],[81,17,0,true,true,false],[81,18,0,true,true,false],[81,68,0,true,false,false],[81,72,0,true,true,false],[81,85,0,true,false,false],[81,86,2,true,false,false],[81,88,2,true,true,false],[85,14,2,true,false,false],[88,1,0,false,true,false],[88,1,2,true,false,false],[90,2,0,false,false,false]],"summary":{"branches":{"count":34,"covered":23,"notcovered":11,"percent":67.64705882352942},"functions":{"count":10,"covered":10,"percent":100},"instantiations":{"count":10,"covered":10,"percent":100},"lines":{"count":64,"covered":64,"percent":100},"regions":{"count":51,"covered":48,"notcovered":3,"percent":94.117647058823522}}},{"branches":[],"expansions":[],"filename":"/Users/alexbalta/Developer/School/Object-Oriented-Programing/lab4/src/tests.c","segments":[[11,20,1,true,true,false],[15,1,0,false,true,false],[15,1,1,true,false,false],[17,1,0,false,true,false],[17,1,1,true,false,false],[19,11,1,true,true,false],[19,60,1,true,false,true],[20,11,1,true,true,false],[20,43,1,true,false,true],[21,1,0,false,true,false],[21,1,1,true,false,true],[22,5,1,true,true,false],[23,2,0,false,false,false],[25,18,1,true,true,false],[29,1,0,false,true,false],[29,1,1,true,false,false],[33,1,0,false,true,false],[33,1,1,true,false,false],[35,1,0,false,true,false],[35,1,1,true,false,false],[38,1,0,false,true,false],[38,1,1,true,false,false],[40,1,0,false,true,false],[41,11,1,true,false,false],[44,1,0,false,true,false],[44,1,1,true,false,false],[46,1,0,false,true,false],[46,1,1,true,false,true],[47,11,1,true,true,false],[47,69,1,true,false,true],[48,11,1,true,true,false],[48,67,1,true,false,true],[49,11,1,true,true,false],[49,50,1,true,false,true],[50,1,0,false,true,false],[50,1,1,true,false,true],[51,11,1,true,true,false],[51,69,1,true,false,true],[52,11,1,true,true,false],[52,67,1,true,false,true],[53,11,1,true,true,false],[53,50,1,true,false,true],[54,1,0,false,true,false],[55,12,1,true,false,true],[56,5,1,true,true,false],[57,23,1,true,false,true],[58,1,0,false,true,false],[58,1,1,true,false,true],[59,5,1,true,true,false],[60,27,1,true,false,true],[61,1,0,false,true,false],[62,14,1,true,false,true],[63,5,1,true,true,false],[64,30,1,true,false,true],[65,1,0,false,true,false],[65,1,1,true,false,true],[66,11,1,true,true,false],[66,69,1,true,false,true],[67,11,1,true,true,false],[67,67,1,true,false,true],[68,11,1,true,true,false],[68,50,1,true,false,true],[69,1,0,false,true,false],[69,1,1,true,false,true],[70,5,1,true,true,false],[71,30,1,true,false,true],[72,1,0,false,true,false],[73,14,1,true,false,true],[74,5,1,true,true,false],[76,1,0,false,true,false],[76,1,1,true,false,false],[78,11,1,true,true,false],[78,67,1,true,false,true],[79,11,1,true,true,false],[79,51,1,true,false,true],[80,1,0,false,true,false],[80,1,1,true,false,true],[81,5,1,true,true,false],[82,30,1,true,false,true],[83,11,1,true,true,false],[83,69,1,true,false,true],[84,11,1,true,true,false],[84,67,1,true,false,true],[85,11,1,true,true,false],[85,51,1,true,false,true],[86,1,0,false,true,false],[86,1,1,true,false,true],[87,5,1,true,true,false],[88,2,0,false,false,false],[90,21,1,true,true,false],[94,1,0,false,true,false],[94,1,1,true,false,false],[98,1,0,false,true,false],[98,1,1,true,false,false],[100,1,0,false,true,false],[100,1,1,true,false,false],[102,1,0,false,true,false],[103,11,1,true,false,false],[107,1,0,false,true,false],[107,1,1,true,false,true],[108,5,1,true,true,false],[109,30,1,true,false,true],[110,1,0,false,true,false],[110,1,1,true,false,true],[111,5,1,true,true,false],[112,30,1,true,false,true],[113,1,0,false,true,false],[113,1,1,true,false,true],[114,5,1,true,true,false],[115,30,1,true,false,true],[116,1,0,false,true,false],[116,1,1,true,false,true],[117,5,1,true,true,false],[119,30,1,true,false,true],[120,11,1,true,true,false],[120,51,1,true,false,true],[121,1,0,false,true,false],[121,1,1,true,false,true],[122,5,1,true,true,false],[123,30,1,true,false,true],[124,11,1,true,true,false],[124,51,1,true,false,true],[125,1,0,false,true,false],[125,1,1,true,false,true],[126,5,1,true,true,false],[127,1,0,false,true,false],[127,1,1,true,false,false],[130,1,0,false,true,false],[130,1,1,true,false,false],[134,1,0,false,true,false],[134,1,1,true,false,true],[135,5,1,true,true,false],[136,1,0,false,true,false],[136,1,1,true,false,false],[140,1,0,false,true,false],[140,1,1,true,false,true],[141,5,1,true,true,false],[142,1,0,false,true,false],[142,1,1,true,false,false],[145,1,0,false,true,false],[145,1,1,true,false,true],[146,11,1,true,true,false],[146,73,1,true,false,true],[147,11,1,true,true,false],[147,71,1,true,false,true],[148,11,1,true,true,false],[148,54,1,true,false,true],[149,1,0,false,true,false],[149,1,1,true,false,true],[150,11,1,true,true,false],[150,73,1,true,false,true],[151,11,1,true,true,false],[151,71,1,true,false,true],[152,11,1,true,true,false],[152,54,1,true,false,true],[153,1,0,false,true,false],[153,1,1,true,false,true],[154,5,1,true,true,false],[155,1,0,false,true,false],[155,1,1,true,false,false],[158,1,0,false,true,false],[158,1,1,true,false,true],[159,11,1,true,true,false],[159,73,1,true,false,true],[160,11,1,true,true,false],[160,71,1,true,false,true],[161,11,1,true,true,false],[161,54,1,true,false,true],[162,1,0,false,true,false],[162,1,1,true,false,true],[163,11,1,true,true,false],[163,73,1,true,false,true],[164,11,1,true,true,false],[164,71,1,true,false,true],[165,11,1,true,true,false],[165,54,1,true,false,true],[166,1,0,false,true,false],[166,1,1,true,false,true],[167,5,1,true,true,false],[168,1,0,false,true,false],[168,1,1,true,false,false],[170,2,0,false,false,false],[172,17,1,true,true,false],[177,2,0,false,false,false]],"summary":{"branches":{"count":0,"covered":0,"notcovered":0,"percent":0},"functions":{"count":4,"covered":4,"percent":100},"instantiations":{"count":4,"covered":4,"percent":100},"lines":{"count":115,"covered":115,"percent":100},"regions":{"count":52,"covered":52,"notcovered":0,"percent":100}}},{"branches":[[7,12,7,22,5,0,0,0,4],[7,26,7,38,5,0,0,0,4],[11,42,11,47,79,15,0,0,4],[12,13,12,30,3,76,0,0,4]],"expansions":[],"filename":"/Users/alexbalta/Developer/School/Object-Oriented-Programing/lab4/src/validator.c","segments":[[6,29,5,true,true,false],[7,12,5,true,true,false],[7,22,5,true,false,false],[7,26,5,true,true,false],[7,38,5,true,false,false],[8,2,0,false,false,false],[10,35,18,true,true,false],[11,42,94,true,true,false],[11,47,18,true,false,false],[11,49,76,true,true,false],[11,52,18,true,false,false],[11,53,79,true,false,true],[11,54,79,true,true,false],[12,13,79,true,true,false],[12,30,79,true,false,false],[12,31,3,true,false,true],[12,32,3,true,true,false],[14,10,79,true,false,false],[15,6,15,true,false,true],[16,1,0,false,true,false],[16,1,15,true,false,true],[17,5,15,true,true,false],[17,13,18,true,false,false],[18,2,0,false,false,false]],"summary":{"branches":{"count":8,"covered":6,"notcovered":2,"percent":75},"functions":{"count":2,"covered":2,"percent":100},"instantiations":{"count":2,"covered":2,"percent":100},"lines":{"count":11,"covered":11,"percent":100},"regions":{"count":10,"covered":10,"notcovered":0,"percent":100}}}],"functions":[{"branches":[],"count":7,"filenames":["/Users/alexbalta/Developer/School/Object-Oriented-Programing/lab4/src/entity.c"],"name":"createParticipant","regions":[[7,43,19,2,7,0,0,0],[9,1,9,1,0,0,0,2],[12,1,12,1,0,0,0,2],[15,1,15,1,0,0,0,2],[17,1,17,1,0,0,0,2]]},{"branches":[[22,9,22,28,7,0,0,0,4]],"count":7,"filenames":["/Users/alexbalta/Developer/School/Object-Oriented-Programing/lab4/src/entity.c"],"name":"destroyParticipant","regions":[[21,51,27,2,7,0,0,0],[22,9,22,28,7,0,0,0],[22,29,22,30,7,0,0,3],[22,30,26,6,7,0,0,0]]},{"branches":[],"count":23,"filenames":["/Users/alexbalta/Developer/School/Object-Oriented-Programing/lab4/src/entity.c"],"name":"getFirstName","regions":[[29,46,31,2,23,0,0,0]]},{"branches":[],"count":16,"filenames":["/Users/alexbalta/Developer/School/Object-Oriented-Programing/lab4/src/entity.c"],"name":"getLastName","regions":[[33,45,35,2,16,0,0,0]]},{"branches":[],"count":14,"filenames":["/Users/alexbalta/Developer/School/Object-Oriented-Programing/lab4/src/entity.c"],"name":"getScore","regions":[[37,40,39,2,14,0,0,0]]},{"branches":[],"count":2,"filenames":["/Users/alexbalta/Developer/School/Object-Oriented-Programing/lab4/src/entity.c"],"name":"setScore","regions":[[41,55,43,2,2,0,0,0]]},{"branches":[],"count":7,"filenames":["/Users/alexbalta/Developer/School/Object-Oriented-Programing/lab4/src/repository.c"],"name":"createList","regions":[[6,20,14,2,7,0,0,0],[8,1,8,1,0,0,0,2],[12,1,12,1,0,0,0,2]]},{"branches":[[17,9,17,21,3,0,0,0,4],[18,25,18,39,3,3,0,0,4]],"count":3,"filenames":["/Users/alexbalta/Developer/School/Object-Oriented-Programing/lab4/src/repository.c"],"name":"destroyList","regions":[[16,30,24,2,3,0,0,0],[17,9,17,21,3,0,0,0],[17,22,17,23,3,0,0,3],[17,23,23,6,3,0,0,0],[18,25,18,39,6,0,0,0],[18,41,18,44,3,0,0,0],[18,45,18,46,3,0,0,3],[18,46,20,10,3,0,0,0]]},{"branches":[],"count":4,"filenames":["/Users/alexbalta/Developer/School/Object-Oriented-Programing/lab4/src/repository.c"],"name":"resizeList","regions":[[26,29,33,2,4,0,0,0],[28,1,28,1,0,0,0,2],[31,1,31,1,0,0,0,2]]},{"branches":[],"count":20,"filenames":["/Users/alexbalta/Developer/School/Object-Oriented-Programing/lab4/src/repository.c"],"name":"getSize","regions":[[35,25,37,2,20,0,0,0]]},{"branches":[],"count":13,"filenames":["/Users/alexbalta/Developer/School/Object-Oriented-Programing/lab4/src/repository.c"],"name":"getElement","regions":[[39,48,41,2,13,0,0,0]]},{"branches":[[44,9,44,37,4,7,0,0,4]],"count":11,"filenames":["/Users/alexbalta/Developer/School/Object-Oriented-Programing/lab4/src/repository.c"],"name":"addParticipant","regions":[[43,59,51,2,11,0,0,0],[44,9,44,37,11,0,0,0],[44,38,44,39,4,0,0,3],[44,39,46,6,4,0,0,0],[47,1,47,1,0,0,0,2],[50,1,50,1,0,0,0,2]]},{"branches":[[57,9,57,18,1,2,0,0,4]],"count":3,"filenames":["/Users/alexbalta/Developer/School/Object-Oriented-Programing/lab4/src/repository.c"],"name":"updateParticipant","regions":[[54,37,63,2,3,0,0,0],[56,1,56,1,0,0,0,2],[57,9,57,18,3,0,0,0],[57,19,57,20,1,0,0,3],[57,20,59,6,1,0,0,0],[59,6,61,5,2,0,0,3],[60,1,60,1,0,0,0,2],[61,5,62,13,2,0,0,0]]},{"branches":[[68,9,68,18,1,3,0,0,4],[74,23,74,37,5,3,0,0,4]],"count":4,"filenames":["/Users/alexbalta/Developer/School/Object-Oriented-Programing/lab4/src/repository.c"],"name":"deleteParticipant","regions":[[65,80,79,2,4,0,0,0],[67,1,67,1,0,0,0,2],[68,9,68,18,4,0,0,0],[68,19,68,20,1,0,0,3],[68,20,70,6,1,0,0,0],[70,6,72,5,3,0,0,3],[71,1,71,1,0,0,0,2],[72,5,78,13,3,0,0,0],[73,1,73,1,0,0,0,2],[74,23,74,37,8,0,0,0],[74,39,74,42,5,0,0,0],[74,43,74,44,5,0,0,3],[74,44,76,6,5,0,0,0]]},{"branches":[[82,21,82,35,11,3,0,0,4],[83,13,83,65,6,5,0,0,4],[84,13,84,63,6,0,0,0,4]],"count":9,"filenames":["/Users/alexbalta/Developer/School/Object-Oriented-Programing/lab4/src/repository.c"],"name":"findIndex","regions":[[81,72,89,2,9,0,0,0],[82,21,82,35,14,0,0,0],[82,37,82,40,5,0,0,0],[82,41,82,42,11,0,0,3],[82,42,86,6,11,0,0,0],[83,13,83,65,11,0,0,0],[83,13,84,63,11,0,0,0],[84,13,84,63,6,0,0,0],[84,64,85,13,6,0,0,3],[85,13,85,21,6,0,0,0],[86,6,88,5,3,0,0,3],[87,1,87,1,0,0,0,2],[88,5,88,14,3,0,0,0]]},{"branches":[[7,12,7,22,5,0,0,0,4],[7,26,7,38,5,0,0,0,4]],"count":5,"filenames":["/Users/alexbalta/Developer/School/Object-Oriented-Programing/lab4/src/validator.c"],"name":"isValidScore","regions":[[6,29,8,2,5,0,0,0],[7,12,7,22,5,0,0,0],[7,26,7,38,5,0,0,0]]},{"branches":[[11,42,11,47,79,15,0,0,4],[12,13,12,30,3,76,0,0,4]],"count":18,"filenames":["/Users/alexbalta/Developer/School/Object-Oriented-Programing/lab4/src/validator.c"],"name":"isValidName","regions":[[10,35,18,2,18,0,0,0],[11,42,11,47,94,0,0,0],[11,49,11,52,76,0,0,0],[11,53,11,54,79,0,0,3],[11,54,15,6,79,0,0,0],[12,13,12,30,79,0,0,0],[12,31,12,32,3,0,0,3],[12,32,14,10,3,0,0,0],[15,6,17,5,15,0,0,3],[16,1,16,1,0,0,0,2],[17,5,17,13,15,0,0,0]]},{"branches":[],"count":2,"filenames":["/Users/alexbalta/Developer/School/Object-Oriented-Programing/lab4/src/service.c"],"name":"managerInnit","regions":[[7,22,9,2,2,0,0,0]]},{"branches":[],"count":2,"filenames":["/Users/alexbalta/Developer/School/Object-Oriented-Programing/lab4/src/service.c"],"name":"managerDestroyList","regions":[[11,37,13,2,2,0,0,0]]},{"branches":[],"count":4,"filenames":["/Users/alexbalta/Developer/School/Object-Oriented-Programing/lab4/src/service.c"],"name":"managerFreeList","regions":[[15,34,18,2,4,0,0,0]]},{"branches":[[22,9,22,32,1,4,0,0,4],[22,36,22,58,0,4,0,0,4],[23,9,23,29,0,4,0,0,4]],"count":5,"filenames":["/Users/alexbalta/Developer/School/Object-Oriented-Programing/lab4/src/service.c"],"name":"managerAddParticipant","regions":[[21,38,30,2,5,0,0,0],[22,9,22,32,5,0,0,0],[22,9,22,58,5,0,0,0],[22,9,23,29,5,0,0,0],[22,36,22,58,4,0,0,0],[23,9,23,29,4,0,0,0],[23,30,23,31,1,0,0,3],[23,31,25,6,1,0,0,0],[25,6,27,5,4,0,0,3],[26,1,26,1,0,0,0,2],[27,5,29,13,4,0,0,0]]},{"branches":[[33,9,33,32,1,2,0,0,4],[33,36,33,58,0,2,0,0,4]],"count":3,"filenames":["/Users/alexbalta/Developer/School/Object-Oriented-Programing/lab4/src/service.c"],"name":"managerDeleteParticipant","regions":[[32,87,38,2,3,0,0,0],[33,9,33,32,3,0,0,0],[33,9,33,58,3,0,0,0],[33,36,33,58,2,0,0,0],[33,59,33,60,1,0,0,3],[33,60,35,6,1,0,0,0],[35,6,37,5,2,0,0,3],[36,1,36,1,0,0,0,2],[37,5,37,56,2,0,0,0]]},{"branches":[[42,9,42,32,0,2,0,0,4],[42,36,42,58,1,1,0,0,4],[43,9,43,32,0,1,0,0,4]],"count":2,"filenames":["/Users/alexbalta/Developer/School/Object-Oriented-Programing/lab4/src/service.c"],"name":"managerUpdateParticipant","regions":[[41,44,48,2,2,0,0,0],[42,9,42,32,2,0,0,0],[42,9,42,58,2,0,0,0],[42,9,43,32,2,0,0,0],[42,36,42,58,2,0,0,0],[43,9,43,32,1,0,0,0],[43,33,43,34,1,0,0,3],[43,34,45,6,1,0,0,0],[45,6,47,5,1,0,0,3],[46,1,46,1,0,0,0,2],[47,5,47,66,1,0,0,0]]},{"branches":[[53,21,53,38,4,2,0,0,4],[54,13,54,51,1,3,0,0,4]],"count":2,"filenames":["/Users/alexbalta/Developer/School/Object-Oriented-Programing/lab4/src/service.c"],"name":"managerFilterParticipantsByScore","regions":[[50,66,60,2,2,0,0,0],[52,1,52,1,0,0,0,2],[53,21,53,38,6,0,0,0],[53,40,53,43,4,0,0,0],[53,44,53,45,4,0,0,3],[53,45,57,6,4,0,0,0],[54,13,54,51,4,0,0,0],[54,52,54,53,1,0,0,3],[54,53,56,10,1,0,0,0],[58,1,58,1,0,0,0,2]]},{"branches":[],"count":1,"filenames":["/Users/alexbalta/Developer/School/Object-Oriented-Programing/lab4/src/service.c"],"name":"byName","regions":[[62,53,64,2,1,0,0,0]]},{"branches":[],"count":1,"filenames":["/Users/alexbalta/Developer/School/Object-Oriented-Programing/lab4/src/service.c"],"name":"byScore","regions":[[66,54,68,2,1,0,0,0]]},{"branches":[[74,21,74,38,4,2,0,0,4],[78,21,78,44,2,2,0,0,4],[79,29,79,48,2,2,0,0,4],[80,18,80,67,2,0,0,0,4],[80,71,80,84,2,0,0,0,4],[81,18,81,68,0,0,0,0,4],[81,72,81,85,0,0,0,0,4]],"count":2,"filenames":["/Users/alexbalta/Developer/School/Object-Oriented-Programing/lab4/src/service.c"],"name":"managerSortParticipants","regions":[[71,99,90,2,2,0,0,0],[73,1,73,1,0,0,0,2],[74,21,74,38,6,0,0,0],[74,40,74,43,4,0,0,0],[74,44,74,45,4,0,0,3],[74,45,76,6,4,0,0,0],[77,1,77,1,0,0,0,2],[78,21,78,44,4,0,0,0],[78,46,78,49,2,0,0,0],[78,50,78,51,2,0,0,3],[78,51,87,6,2,0,0,0],[79,29,79,48,4,0,0,0],[79,50,79,53,2,0,0,0],[79,54,79,55,2,0,0,3],[79,55,86,10,2,0,0,0],[80,17,80,85,2,0,0,0],[80,17,81,86,2,0,0,0],[80,18,80,67,2,0,0,0],[80,71,80,84,2,0,0,0],[81,17,81,86,0,0,0,0],[81,18,81,68,0,0,0,0],[81,72,81,85,0,0,0,0],[81,87,81,88,2,0,0,3],[81,88,85,14,2,0,0,0],[88,1,88,1,0,0,0,2]]},{"branches":[],"count":0,"filenames":["/Users/alexbalta/Developer/School/Object-Oriented-Programing/lab4/src/console.c"],"name":"printMenu","regions":[[6,18,17,2,0,0,0,0]]},{"branches":[[20,21,20,38,0,0,0,0,4]],"count":0,"filenames":["/Users/alexbalta/Developer/School/Object-Oriented-Programing/lab4/src/console.c"],"name":"uiPrintList","regions":[[19,30,25,2,0,0,0,0],[20,21,20,38,0,0,0,0],[20,40,20,43,0,0,0,0],[20,44,20,45,0,0,0,3],[20,45,24,6,0,0,0,0]]},{"branches":[[28,9,28,27,0,0,0,0,4]],"count":0,"filenames":["/Users/alexbalta/Developer/School/Object-Oriented-Programing/lab4/src/console.c"],"name":"uiPrintParticipants","regions":[[27,38,35,2,0,0,0,0],[28,9,28,27,0,0,0,0],[28,28,28,29,0,0,0,3],[28,29,31,6,0,0,0,0],[31,6,33,5,0,0,0,3],[32,1,32,1,0,0,0,2],[33,5,35,2,0,0,0,0]]},{"branches":[[52,5,52,10,0,0,0,0,4]],"count":0,"filenames":["/Users/alexbalta/Developer/School/Object-Oriented-Programing/lab4/src/console.c"],"name":"uiAddParticipant","regions":[[37,35,54,2,0,0,0,0],[40,1,40,1,0,0,0,2],[43,1,43,1,0,0,0,2],[46,1,46,1,0,0,0,2],[49,1,49,1,0,0,0,2],[51,1,51,1,0,0,0,2],[52,5,52,10,0,0,0,0],[52,12,52,13,0,0,0,3],[52,13,52,51,0,0,0,0],[53,13,53,54,0,0,0,0]]},{"branches":[[67,5,67,10,0,0,0,0,4]],"count":0,"filenames":["/Users/alexbalta/Developer/School/Object-Oriented-Programing/lab4/src/console.c"],"name":"uiDeleteParticipant","regions":[[56,38,69,2,0,0,0,0],[58,1,58,1,0,0,0,2],[61,1,61,1,0,0,0,2],[64,1,64,1,0,0,0,2],[66,1,66,1,0,0,0,2],[67,5,67,10,0,0,0,0],[67,12,67,13,0,0,0,3],[67,13,67,51,0,0,0,0],[68,13,68,55,0,0,0,0]]},{"branches":[[86,5,86,10,0,0,0,0,4]],"count":0,"filenames":["/Users/alexbalta/Developer/School/Object-Oriented-Programing/lab4/src/console.c"],"name":"uiUpdateParticipant","regions":[[71,38,88,2,0,0,0,0],[74,1,74,1,0,0,0,2],[77,1,77,1,0,0,0,2],[80,1,80,1,0,0,0,2],[83,1,83,1,0,0,0,2],[85,1,85,1,0,0,0,2],[86,5,86,10,0,0,0,0],[86,12,86,13,0,0,0,3],[86,13,86,51,0,0,0,0],[87,13,87,71,0,0,0,0]]},{"branches":[[98,9,98,35,0,0,0,0,4]],"count":0,"filenames":["/Users/alexbalta/Developer/School/Object-Oriented-Programing/lab4/src/console.c"],"name":"uiFilterParticipantsByScore","regions":[[90,46,105,2,0,0,0,0],[92,1,92,1,0,0,0,2],[95,1,95,1,0,0,0,2],[97,1,97,1,0,0,0,2],[98,9,98,35,0,0,0,0],[98,36,98,37,0,0,0,3],[98,37,100,6,0,0,0,0],[101,1,101,1,0,0,0,2],[103,1,103,1,0,0,0,2]]},{"branches":[[114,9,114,22,0,0,0,0,4],[120,9,120,33,0,0,0,0,4]],"count":0,"filenames":["/Users/alexbalta/Developer/School/Object-Oriented-Programing/lab4/src/console.c"],"name":"uiSortParticipantsByScore","regions":[[107,44,127,2,0,0,0,0],[111,1,111,1,0,0,0,2],[113,1,113,1,0,0,0,2],[114,9,114,22,0,0,0,0],[114,23,114,24,0,0,0,3],[114,24,116,6,0,0,0,0],[116,6,116,12,0,0,0,3],[116,12,118,6,0,0,0,0],[119,1,119,1,0,0,0,2],[120,9,120,33,0,0,0,0],[120,34,120,35,0,0,0,3],[120,35,122,6,0,0,0,0],[123,1,123,1,0,0,0,2],[125,1,125,1,0,0,0,2]]},{"branches":[[136,9,136,22,0,0,0,0,4],[142,9,142,33,0,0,0,0,4]],"count":0,"filenames":["/Users/alexbalta/Developer/School/Object-Oriented-Programing/lab4/src/console.c"],"name":"uiSortParticipantsByName","regions":[[129,43,149,2,0,0,0,0],[133,1,133,1,0,0,0,2],[135,1,135,1,0,0,0,2],[136,9,136,22,0,0,0,0],[136,23,136,24,0,0,0,3],[136,24,138,6,0,0,0,0],[138,6,138,12,0,0,0,3],[138,12,140,6,0,0,0,0],[141,1,141,1,0,0,0,2],[142,9,142,33,0,0,0,0],[142,34,142,35,0,0,0,3],[142,35,144,6,0,0,0,0],[145,1,145,1,0,0,0,2],[147,1,147,1,0,0,0,2]]},{"branches":[[160,13,160,19,0,1,0,0,4],[163,13,163,19,1,0,0,0,4],[167,13,167,19,0,1,0,0,4],[170,13,170,19,0,1,0,0,4],[173,13,173,19,0,1,0,0,4],[176,13,176,19,0,1,0,0,4],[179,13,179,19,0,1,0,0,4],[182,13,182,19,0,1,0,0,4],[185,13,185,19,0,1,0,0,4],[189,13,189,20,0,1,0,0,4]],"count":1,"filenames":["/Users/alexbalta/Developer/School/Object-Oriented-Programing/lab4/src/console.c"],"name":"consoleRun","regions":[[151,19,194,2,1,0,0,0],[153,1,153,1,0,0,0,2],[154,12,154,13,1,0,0,0],[154,14,154,15,1,0,0,3],[154,15,193,6,1,0,0,0],[158,1,158,1,0,0,0,2],[159,25,191,22,0,0,0,3],[160,13,162,22,0,0,0,0],[162,23,163,13,0,0,0,3],[163,13,166,35,1,0,0,0],[166,36,167,13,0,0,0,3],[167,13,169,22,0,0,0,0],[169,23,170,13,0,0,0,3],[170,13,172,22,0,0,0,0],[172,23,173,13,0,0,0,3],[173,13,175,22,0,0,0,0],[175,23,176,13,0,0,0,3],[176,13,178,22,0,0,0,0],[178,23,179,13,0,0,0,3],[179,13,181,22,0,0,0,0],[181,23,182,13,0,0,0,3],[182,13,184,22,0,0,0,0],[184,23,185,13,0,0,0,3],[185,13,187,22,0,0,0,0],[187,23,189,13,0,0,0,3],[188,1,188,1,0,0,0,2],[189,13,191,22,0,0,0,0]]},{"branches":[],"count":1,"filenames":["/Users/alexbalta/Developer/School/Object-Oriented-Programing/lab4/src/tests.c"],"name":"entityTests","regions":[[11,20,23,2,1,0,0,0],[15,1,15,1,0,0,0,2],[17,1,17,1,0,0,0,2],[18,62,19,5,1,0,0,3],[19,11,23,2,1,0,0,0],[19,60,20,5,1,0,0,3],[20,11,23,2,1,0,0,0],[20,43,22,5,1,0,0,3],[21,1,21,1,0,0,0,2],[22,5,23,2,1,0,0,0]]},{"branches":[],"count":1,"filenames":["/Users/alexbalta/Developer/School/Object-Oriented-Programing/lab4/src/tests.c"],"name":"repoTests","regions":[[25,18,88,2,1,0,0,0],[29,1,29,1,0,0,0,2],[33,1,33,1,0,0,0,2],[35,1,35,1,0,0,0,2],[38,1,38,1,0,0,0,2],[40,1,41,11,0,0,0,2],[44,1,44,1,0,0,0,2],[45,30,47,5,1,0,0,3],[46,1,46,1,0,0,0,2],[47,11,88,2,1,0,0,0],[47,69,48,5,1,0,0,3],[48,11,88,2,1,0,0,0],[48,67,49,5,1,0,0,3],[49,11,88,2,1,0,0,0],[49,50,51,5,1,0,0,3],[50,1,50,1,0,0,0,2],[51,11,88,2,1,0,0,0],[51,69,52,5,1,0,0,3],[52,11,88,2,1,0,0,0],[52,67,53,5,1,0,0,3],[53,11,88,2,1,0,0,0],[53,50,56,5,1,0,0,3],[54,1,55,12,0,0,0,2],[56,5,88,2,1,0,0,0],[57,23,59,5,1,0,0,3],[58,1,58,1,0,0,0,2],[59,5,88,2,1,0,0,0],[60,27,63,5,1,0,0,3],[61,1,62,14,0,0,0,2],[63,5,88,2,1,0,0,0],[64,30,66,5,1,0,0,3],[65,1,65,1,0,0,0,2],[66,11,88,2,1,0,0,0],[66,69,67,5,1,0,0,3],[67,11,88,2,1,0,0,0],[67,67,68,5,1,0,0,3],[68,11,88,2,1,0,0,0],[68,50,70,5,1,0,0,3],[69,1,69,1,0,0,0,2],[70,5,88,2,1,0,0,0],[71,30,74,5,1,0,0,3],[72,1,73,14,0,0,0,2],[74,5,88,2,1,0,0,0],[76,1,76,1,0,0,0,2],[77,69,78,5,1,0,0,3],[78,11,88,2,1,0,0,0],[78,67,79,5,1,0,0,3],[79,11,88,2,1,0,0,0],[79,51,81,5,1,0,0,3],[80,1,80,1,0,0,0,2],[81,5,88,2,1,0,0,0],[82,30,83,5,1,0,0,3],[83,11,88,2,1,0,0,0],[83,69,84,5,1,0,0,3],[84,11,88,2,1,0,0,0],[84,67,85,5,1,0,0,3],[85,11,88,2,1,0,0,0],[85,51,87,5,1,0,0,3],[86,1,86,1,0,0,0,2],[87,5,88,2,1,0,0,0]]},{"branches":[],"count":1,"filenames":["/Users/alexbalta/Developer/School/Object-Oriented-Programing/lab4/src/tests.c"],"name":"serviceTests","regions":[[90,21,170,2,1,0,0,0],[94,1,94,1,0,0,0,2],[98,1,98,1,0,0,0,2],[100,1,100,1,0,0,0,2],[102,1,103,11,0,0,0,2],[106,30,108,5,1,0,0,3],[107,1,107,1,0,0,0,2],[108,5,170,2,1,0,0,0],[109,30,111,5,1,0,0,3],[110,1,110,1,0,0,0,2],[111,5,170,2,1,0,0,0],[112,30,114,5,1,0,0,3],[113,1,113,1,0,0,0,2],[114,5,170,2,1,0,0,0],[115,30,117,5,1,0,0,3],[116,1,116,1,0,0,0,2],[117,5,170,2,1,0,0,0],[119,30,120,5,1,0,0,3],[120,11,170,2,1,0,0,0],[120,51,122,5,1,0,0,3],[121,1,121,1,0,0,0,2],[122,5,170,2,1,0,0,0],[123,30,124,5,1,0,0,3],[124,11,170,2,1,0,0,0],[124,51,126,5,1,0,0,3],[125,1,125,1,0,0,0,2],[126,5,170,2,1,0,0,0],[127,1,127,1,0,0,0,2],[130,1,130,1,0,0,0,2],[133,36,135,5,1,0,0,3],[134,1,134,1,0,0,0,2],[135,5,170,2,1,0,0,0],[136,1,136,1,0,0,0,2],[139,36,141,5,1,0,0,3],[140,1,140,1,0,0,0,2],[141,5,170,2,1,0,0,0],[142,1,142,1,0,0,0,2],[144,34,146,5,1,0,0,3],[145,1,145,1,0,0,0,2],[146,11,170,2,1,0,0,0],[146,73,147,5,1,0,0,3],[147,11,170,2,1,0,0,0],[147,71,148,5,1,0,0,3],[148,11,170,2,1,0,0,0],[148,54,150,5,1,0,0,3],[149,1,149,1,0,0,0,2],[150,11,170,2,1,0,0,0],[150,73,151,5,1,0,0,3],[151,11,170,2,1,0,0,0],[151,71,152,5,1,0,0,3],[152,11,170,2,1,0,0,0],[152,54,154,5,1,0,0,3],[153,1,153,1,0,0,0,2],[154,5,170,2,1,0,0,0],[155,1,155,1,0,0,0,2],[157,34,159,5,1,0,0,3],[158,1,158,1,0,0,0,2],[159,11,170,2,1,0,0,0],[159,73,160,5,1,0,0,3],[160,11,170,2,1,0,0,0],[160,71,161,5,1,0,0,3],[161,11,170,2,1,0,0,0],[161,54,163,5,1,0,0,3],[162,1,162,1,0,0,0,2],[163,11,170,2,1,0,0,0],[163,73,164,5,1,0,0,3],[164,11,170,2,1,0,0,0],[164,71,165,5,1,0,0,3],[165,11,170,2,1,0,0,0],[165,54,167,5,1,0,0,3],[166,1,166,1,0,0,0,2],[167,5,170,2,1,0,0,0],[168,1,168,1,0,0,0,2]]},{"branches":[],"count":1,"filenames":["/Users/alexbalta/Developer/School/Object-Oriented-Programing/lab4/src/tests.c"],"name":"runTests","regions":[[172,17,177,2,1,0,0,0]]},{"branches":[],"count":1,"filenames":["/Users/alexbalta/Developer/School/Object-Oriented-Programing/lab4/src/main.c"],"name":"main","regions":[[4,12,8,2,1,0,0,0]]}],"totals":{"branches":{"count":102,"covered":56,"notcovered":46,"percent":54.901960784313729},"functions":{"count":42,"covered":33,"percent":78.571428571428569},"instantiations":{"count":42,"covered":33,"percent":78.571428571428569},"lines":{"count":433,"covered":300,"percent":69.284064665127019},"regions":{"count":204,"covered":156,"notcovered":48,"percent":76.470588235294116}}}],"type":"llvm.coverage.json.export","version":"2.0.1"}