{"data":[{"files":[{"branches":[[23,9,23,24,0,0,0,0,4],[30,21,30,35,0,0,0,0,4],[64,9,64,14,0,0,0,0,4],[82,9,82,14,0,0,0,0,4],[88,12,88,13,0,0,0,0,4],[94,13,94,19,0,0,0,0,4],[97,13,97,19,0,0,0,0,4],[101,13,101,19,0,0,0,0,4],[104,13,104,19,0,0,0,0,4],[107,13,107,19,0,0,0,0,4],[110,13,110,19,0,0,0,0,4],[114,13,114,20,0,0,0,0,4]],"expansions":[],"filename":"/Users/alexbalta/CLionProjects/lab3/src/console.c","segments":[[3,16,0,true,true,false],[6,2,0,false,false,false],[8,25,0,true,true,false],[8,46,0,false,false,false],[10,18,0,true,true,false],[18,2,0,false,false,false],[20,28,0,true,true,false],[22,1,0,false,true,false],[22,1,0,true,false,false],[23,9,0,true,true,false],[23,24,0,true,false,false],[23,26,0,true,true,false],[26,6,0,true,false,true],[27,1,0,false,true,false],[27,1,0,true,false,true],[28,5,0,true,true,false],[29,1,0,false,true,false],[29,1,0,true,false,false],[30,21,0,true,true,false],[30,35,0,true,false,false],[30,37,0,true,true,false],[30,40,0,true,false,false],[30,42,0,true,true,false],[32,6,0,true,false,false],[33,2,0,false,false,false],[35,25,0,true,true,false],[38,1,0,false,true,false],[38,1,0,true,false,false],[41,1,0,false,true,false],[41,1,0,true,false,false],[44,1,0,false,true,false],[44,1,0,true,false,false],[47,1,0,false,true,false],[47,1,0,true,false,false],[49,1,0,false,true,false],[49,1,0,true,false,false],[51,2,0,false,false,false],[53,28,0,true,true,false],[55,1,0,false,true,false],[55,1,0,true,false,false],[58,1,0,false,true,false],[58,1,0,true,false,false],[61,1,0,false,true,false],[61,1,0,true,false,false],[63,1,0,false,true,false],[63,1,0,true,false,false],[64,9,0,true,true,false],[64,14,0,true,false,false],[64,16,0,true,true,false],[64,56,0,true,false,false],[65,2,0,false,false,false],[67,28,0,true,true,false],[70,1,0,false,true,false],[70,1,0,true,false,false],[73,1,0,false,true,false],[73,1,0,true,false,false],[76,1,0,false,true,false],[76,1,0,true,false,false],[79,1,0,false,true,false],[79,1,0,true,false,false],[81,1,0,false,true,false],[81,1,0,true,false,false],[82,9,0,true,true,false],[82,14,0,true,false,false],[82,16,0,true,true,false],[82,56,0,true,false,false],[83,2,0,false,false,false],[85,19,0,true,true,false],[87,1,0,false,true,false],[87,1,0,true,false,false],[88,12,0,true,true,false],[88,13,0,true,false,false],[88,15,0,true,true,false],[92,1,0,false,true,false],[92,1,0,true,false,false],[94,13,0,true,true,false],[96,22,0,true,false,true],[97,13,0,true,true,false],[100,35,0,true,false,true],[101,13,0,true,true,false],[103,22,0,true,false,true],[104,13,0,true,true,false],[106,22,0,true,false,true],[107,13,0,true,true,false],[109,22,0,true,false,true],[110,13,0,true,true,false],[112,22,0,true,false,true],[113,1,0,false,true,false],[113,1,0,true,false,true],[114,13,0,true,true,false],[116,22,0,true,false,false],[119,2,0,false,false,false]],"summary":{"branches":{"count":22,"covered":0,"notcovered":22,"percent":0},"functions":{"count":8,"covered":0,"percent":0},"instantiations":{"count":8,"covered":0,"percent":0},"lines":{"count":90,"covered":0,"percent":0},"regions":{"count":27,"covered":0,"notcovered":27,"percent":0}}},{"branches":[[19,9,19,28,3,0,0,0,4]],"expansions":[],"filename":"/Users/alexbalta/CLionProjects/lab3/src/entity.c","segments":[[4,43,3,true,true,false],[6,1,0,false,true,false],[6,1,3,true,false,false],[9,1,0,false,true,false],[9,1,3,true,false,false],[12,1,0,false,true,false],[12,1,3,true,false,false],[14,1,0,false,true,false],[14,1,3,true,false,false],[16,2,0,false,false,false],[18,51,3,true,true,false],[19,9,3,true,true,false],[19,28,3,true,false,false],[19,30,3,true,true,false],[23,6,3,true,false,false],[24,2,0,false,false,false],[26,49,0,true,true,false],[29,2,0,false,false,false],[31,46,9,true,true,false],[31,80,0,false,false,false],[33,45,8,true,true,false],[33,78,0,false,false,false],[35,40,5,true,true,false],[35,70,0,false,false,false],[37,55,1,true,true,false],[39,2,0,false,false,false]],"summary":{"branches":{"count":2,"covered":1,"notcovered":1,"percent":50},"functions":{"count":7,"covered":6,"percent":85.714285714285708},"instantiations":{"count":7,"covered":6,"percent":85.714285714285708},"lines":{"count":26,"covered":22,"percent":84.615384615384613},"regions":{"count":9,"covered":8,"notcovered":1,"percent":88.888888888888886}}},{"branches":[],"expansions":[],"filename":"/Users/alexbalta/CLionProjects/lab3/src/main.c","segments":[[6,33,1,true,true,false],[8,1,0,false,true,false],[8,20,1,true,false,false],[10,2,0,false,false,false]],"summary":{"branches":{"count":0,"covered":0,"notcovered":0,"percent":0},"functions":{"count":1,"covered":1,"percent":100},"instantiations":{"count":1,"covered":1,"percent":100},"lines":{"count":4,"covered":4,"percent":100},"regions":{"count":1,"covered":1,"notcovered":0,"percent":100}}},{"branches":[[15,9,15,21,1,0,0,0,4],[16,25,16,39,1,1,0,0,4],[31,9,31,37,0,2,0,0,4],[43,9,43,18,0,1,0,0,4],[55,9,55,18,0,1,0,0,4],[62,23,62,37,2,1,0,0,4],[70,21,70,35,4,0,0,0,4],[71,13,71,65,3,1,0,0,4],[72,13,72,63,3,0,0,0,4]],"expansions":[],"filename":"/Users/alexbalta/CLionProjects/lab3/src/repository.c","segments":[[3,20,1,true,true,false],[5,1,0,false,true,false],[5,1,1,true,false,false],[10,1,0,false,true,false],[10,1,1,true,false,false],[12,2,0,false,false,false],[14,30,1,true,true,false],[15,9,1,true,true,false],[15,21,1,true,false,false],[15,23,1,true,true,false],[16,25,2,true,true,false],[16,39,1,true,false,false],[16,41,1,true,true,false],[16,44,1,true,false,false],[16,46,1,true,true,false],[18,10,1,true,false,false],[22,2,0,false,false,false],[24,29,0,true,true,false],[28,2,0,false,false,false],[30,59,2,true,true,false],[31,9,2,true,true,false],[31,37,2,true,false,false],[31,38,0,true,false,true],[31,39,0,true,true,false],[33,6,2,true,false,false],[34,1,0,false,true,false],[34,1,2,true,false,false],[37,2,0,false,false,false],[40,37,1,true,true,false],[42,1,0,false,true,false],[42,1,1,true,false,false],[43,9,1,true,true,false],[43,18,1,true,false,false],[43,19,0,true,false,true],[43,20,0,true,true,false],[46,6,1,true,false,true],[47,1,0,false,true,false],[47,1,1,true,false,true],[48,5,1,true,true,false],[49,13,1,true,false,false],[50,2,0,false,false,false],[52,80,1,true,true,false],[54,1,0,false,true,false],[54,1,1,true,false,false],[55,9,1,true,true,false],[55,18,1,true,false,false],[55,19,0,true,false,true],[55,20,0,true,true,false],[58,6,1,true,false,true],[59,1,0,false,true,false],[59,1,1,true,false,true],[60,5,1,true,true,false],[61,1,0,false,true,false],[61,1,1,true,false,false],[62,23,3,true,true,false],[62,37,1,true,false,false],[62,39,2,true,true,false],[62,42,1,true,false,false],[62,43,2,true,false,true],[62,44,2,true,true,false],[64,6,1,true,false,false],[67,2,0,false,false,false],[69,72,3,true,true,false],[70,21,4,true,true,false],[70,35,3,true,false,false],[70,37,1,true,true,false],[70,40,3,true,false,false],[70,41,4,true,false,true],[70,42,4,true,true,false],[71,13,4,true,true,false],[71,65,4,true,false,false],[72,13,3,true,true,false],[72,63,4,true,false,false],[72,64,3,true,false,true],[73,13,3,true,true,false],[73,21,4,true,false,false],[74,6,0,true,false,true],[75,5,0,true,true,false],[75,14,3,true,false,false],[76,2,0,false,false,false]],"summary":{"branches":{"count":18,"covered":12,"notcovered":6,"percent":66.666666666666657},"functions":{"count":7,"covered":6,"percent":85.714285714285708},"instantiations":{"count":7,"covered":6,"percent":85.714285714285708},"lines":{"count":59,"covered":45,"percent":76.271186440677965},"regions":{"count":31,"covered":26,"notcovered":5,"percent":83.870967741935488}}},{"branches":[[11,9,11,32,0,0,0,0,4],[11,36,11,58,0,0,0,0,4],[12,9,12,29,0,0,0,0,4],[22,9,22,32,0,0,0,0,4],[22,36,22,58,0,0,0,0,4],[32,9,32,32,0,0,0,0,4],[32,36,32,58,0,0,0,0,4],[33,9,33,32,0,0,0,0,4]],"expansions":[],"filename":"/Users/alexbalta/CLionProjects/lab3/src/service.c","segments":[[3,21,0,true,true,false],[3,45,0,false,false,false],[5,23,0,true,true,false],[5,45,0,false,false,false],[7,23,0,true,true,false],[7,39,0,false,false,false],[10,39,0,true,true,false],[11,9,0,true,true,false],[11,32,0,true,false,false],[11,36,0,true,true,false],[11,58,0,true,false,false],[12,9,0,true,true,false],[12,29,0,true,false,false],[12,31,0,true,true,false],[15,6,0,true,false,true],[16,1,0,false,true,false],[16,1,0,true,false,true],[17,5,0,true,true,false],[19,2,0,false,false,false],[21,75,0,true,true,false],[22,9,0,true,true,false],[22,32,0,true,false,false],[22,36,0,true,true,false],[22,58,0,true,false,false],[22,60,0,true,true,false],[25,6,0,true,false,true],[26,1,0,false,true,false],[26,1,0,true,false,true],[27,5,0,true,true,false],[27,56,0,true,false,false],[28,2,0,false,false,false],[31,44,0,true,true,false],[32,9,0,true,true,false],[32,32,0,true,false,false],[32,36,0,true,true,false],[32,58,0,true,false,false],[33,9,0,true,true,false],[33,32,0,true,false,false],[33,34,0,true,true,false],[36,6,0,true,false,true],[37,1,0,false,true,false],[37,1,0,true,false,true],[38,5,0,true,true,false],[38,66,0,true,false,false],[39,2,0,false,false,false]],"summary":{"branches":{"count":16,"covered":0,"notcovered":16,"percent":0},"functions":{"count":6,"covered":0,"percent":0},"instantiations":{"count":6,"covered":0,"percent":0},"lines":{"count":27,"covered":0,"percent":0},"regions":{"count":25,"covered":0,"notcovered":25,"percent":0}}},{"branches":[],"expansions":[],"filename":"/Users/alexbalta/CLionProjects/lab3/src/tests.c","segments":[[3,20,1,true,true,false],[7,1,0,false,true,false],[7,1,1,true,false,false],[9,1,0,false,true,false],[9,1,1,true,false,false],[11,11,1,true,true,false],[11,60,1,true,false,true],[12,11,1,true,true,false],[12,43,1,true,false,true],[13,1,0,false,true,false],[13,1,1,true,false,true],[14,5,1,true,true,false],[15,2,0,false,false,false],[17,18,1,true,true,false],[21,1,0,false,true,false],[21,1,1,true,false,false],[25,1,0,false,true,false],[25,1,1,true,false,false],[28,1,0,false,true,false],[28,1,1,true,false,false],[30,1,0,false,true,false],[31,11,1,true,false,false],[34,1,0,false,true,false],[34,1,1,true,false,false],[36,1,0,false,true,false],[36,1,1,true,false,true],[37,11,1,true,true,false],[37,69,1,true,false,true],[38,11,1,true,true,false],[38,67,1,true,false,true],[39,11,1,true,true,false],[39,50,1,true,false,true],[40,1,0,false,true,false],[40,1,1,true,false,true],[41,11,1,true,true,false],[41,69,1,true,false,true],[42,11,1,true,true,false],[42,67,1,true,false,true],[43,11,1,true,true,false],[43,50,1,true,false,true],[44,1,0,false,true,false],[45,12,1,true,false,true],[46,5,1,true,true,false],[47,23,1,true,false,true],[48,1,0,false,true,false],[49,14,1,true,false,true],[50,5,1,true,true,false],[51,30,1,true,false,true],[52,1,0,false,true,false],[52,1,1,true,false,true],[53,11,1,true,true,false],[53,69,1,true,false,true],[54,11,1,true,true,false],[54,67,1,true,false,true],[55,11,1,true,true,false],[55,50,1,true,false,true],[56,1,0,false,true,false],[57,14,1,true,false,true],[58,5,1,true,true,false],[60,1,0,false,true,false],[60,1,1,true,false,false],[62,11,1,true,true,false],[62,67,1,true,false,true],[63,11,1,true,true,false],[63,51,1,true,false,true],[64,1,0,false,true,false],[64,1,1,true,false,true],[65,5,1,true,true,false],[66,2,0,false,false,false],[68,17,1,true,true,false],[72,2,0,false,false,false]],"summary":{"branches":{"count":0,"covered":0,"notcovered":0,"percent":0},"functions":{"count":3,"covered":3,"percent":100},"instantiations":{"count":3,"covered":3,"percent":100},"lines":{"count":48,"covered":48,"percent":100},"regions":{"count":21,"covered":21,"notcovered":0,"percent":100}}},{"branches":[[6,39,6,49,0,0,0,0,4],[6,53,6,65,0,0,0,0,4],[9,42,9,47,0,0,0,0,4],[10,13,10,30,0,0,0,0,4]],"expansions":[],"filename":"/Users/alexbalta/CLionProjects/lab3/src/validator.c","segments":[[6,29,0,true,true,false],[6,39,0,true,true,false],[6,49,0,true,false,false],[6,53,0,true,true,false],[6,65,0,true,false,false],[6,69,0,false,false,false],[8,35,0,true,true,false],[9,42,0,true,true,false],[9,47,0,true,false,false],[9,49,0,true,true,false],[9,52,0,true,false,false],[10,9,0,true,true,false],[10,13,0,true,true,false],[10,30,0,true,false,false],[10,32,0,true,true,false],[10,40,0,true,false,false],[11,1,0,false,true,false],[11,1,0,true,false,true],[12,5,0,true,true,false],[12,13,0,true,false,false],[13,2,0,false,false,false]],"summary":{"branches":{"count":8,"covered":0,"notcovered":8,"percent":0},"functions":{"count":2,"covered":0,"percent":0},"instantiations":{"count":2,"covered":0,"percent":0},"lines":{"count":6,"covered":0,"percent":0},"regions":{"count":10,"covered":0,"notcovered":10,"percent":0}}}],"functions":[{"branches":[],"count":3,"filenames":["/Users/alexbalta/CLionProjects/lab3/src/entity.c"],"name":"createParticipant","regions":[[4,43,16,2,3,0,0,0],[6,1,6,1,0,0,0,2],[9,1,9,1,0,0,0,2],[12,1,12,1,0,0,0,2],[14,1,14,1,0,0,0,2]]},{"branches":[[19,9,19,28,3,0,0,0,4]],"count":3,"filenames":["/Users/alexbalta/CLionProjects/lab3/src/entity.c"],"name":"destroyParticipant","regions":[[18,51,24,2,3,0,0,0],[19,9,19,28,3,0,0,0],[19,29,19,30,3,0,0,3],[19,30,23,6,3,0,0,0]]},{"branches":[],"count":0,"filenames":["/Users/alexbalta/CLionProjects/lab3/src/entity.c"],"name":"printParticipant","regions":[[26,49,29,2,0,0,0,0]]},{"branches":[],"count":9,"filenames":["/Users/alexbalta/CLionProjects/lab3/src/entity.c"],"name":"getFirstName","regions":[[31,46,31,80,9,0,0,0]]},{"branches":[],"count":8,"filenames":["/Users/alexbalta/CLionProjects/lab3/src/entity.c"],"name":"getLastName","regions":[[33,45,33,78,8,0,0,0]]},{"branches":[],"count":5,"filenames":["/Users/alexbalta/CLionProjects/lab3/src/entity.c"],"name":"getScore","regions":[[35,40,35,70,5,0,0,0]]},{"branches":[],"count":1,"filenames":["/Users/alexbalta/CLionProjects/lab3/src/entity.c"],"name":"setScore","regions":[[37,55,39,2,1,0,0,0]]},{"branches":[],"count":1,"filenames":["/Users/alexbalta/CLionProjects/lab3/src/repository.c"],"name":"createList","regions":[[3,20,12,2,1,0,0,0],[5,1,5,1,0,0,0,2],[10,1,10,1,0,0,0,2]]},{"branches":[[15,9,15,21,1,0,0,0,4],[16,25,16,39,1,1,0,0,4]],"count":1,"filenames":["/Users/alexbalta/CLionProjects/lab3/src/repository.c"],"name":"destroyList","regions":[[14,30,22,2,1,0,0,0],[15,9,15,21,1,0,0,0],[15,22,15,23,1,0,0,3],[15,23,21,6,1,0,0,0],[16,25,16,39,2,0,0,0],[16,41,16,44,1,0,0,0],[16,45,16,46,1,0,0,3],[16,46,18,10,1,0,0,0]]},{"branches":[],"count":0,"filenames":["/Users/alexbalta/CLionProjects/lab3/src/repository.c"],"name":"resizeList","regions":[[24,29,28,2,0,0,0,0]]},{"branches":[[31,9,31,37,0,2,0,0,4]],"count":2,"filenames":["/Users/alexbalta/CLionProjects/lab3/src/repository.c"],"name":"addParticipant","regions":[[30,59,37,2,2,0,0,0],[31,9,31,37,2,0,0,0],[31,38,31,39,0,0,0,3],[31,39,33,6,0,0,0,0],[34,1,34,1,0,0,0,2]]},{"branches":[[43,9,43,18,0,1,0,0,4]],"count":1,"filenames":["/Users/alexbalta/CLionProjects/lab3/src/repository.c"],"name":"updateParticipant","regions":[[40,37,50,2,1,0,0,0],[42,1,42,1,0,0,0,2],[43,9,43,18,1,0,0,0],[43,19,43,20,0,0,0,3],[43,20,46,6,0,0,0,0],[46,6,48,5,1,0,0,3],[47,1,47,1,0,0,0,2],[48,5,49,13,1,0,0,0]]},{"branches":[[55,9,55,18,0,1,0,0,4],[62,23,62,37,2,1,0,0,4]],"count":1,"filenames":["/Users/alexbalta/CLionProjects/lab3/src/repository.c"],"name":"deleteParticipant","regions":[[52,80,67,2,1,0,0,0],[54,1,54,1,0,0,0,2],[55,9,55,18,1,0,0,0],[55,19,55,20,0,0,0,3],[55,20,58,6,0,0,0,0],[58,6,60,5,1,0,0,3],[59,1,59,1,0,0,0,2],[60,5,66,13,1,0,0,0],[61,1,61,1,0,0,0,2],[62,23,62,37,3,0,0,0],[62,39,62,42,2,0,0,0],[62,43,62,44,2,0,0,3],[62,44,64,6,2,0,0,0]]},{"branches":[[70,21,70,35,4,0,0,0,4],[71,13,71,65,3,1,0,0,4],[72,13,72,63,3,0,0,0,4]],"count":3,"filenames":["/Users/alexbalta/CLionProjects/lab3/src/repository.c"],"name":"findIndex","regions":[[69,72,76,2,3,0,0,0],[70,21,70,35,4,0,0,0],[70,37,70,40,1,0,0,0],[70,41,70,42,4,0,0,3],[70,42,74,6,4,0,0,0],[71,13,71,65,4,0,0,0],[71,13,72,63,4,0,0,0],[72,13,72,63,3,0,0,0],[72,64,73,13,3,0,0,3],[73,13,73,21,3,0,0,0],[74,6,75,5,0,0,0,3],[75,5,75,14,0,0,0,0]]},{"branches":[[6,39,6,49,0,0,0,0,4],[6,53,6,65,0,0,0,0,4]],"count":0,"filenames":["/Users/alexbalta/CLionProjects/lab3/src/validator.c"],"name":"isValidScore","regions":[[6,29,6,69,0,0,0,0],[6,39,6,49,0,0,0,0],[6,53,6,65,0,0,0,0]]},{"branches":[[9,42,9,47,0,0,0,0,4],[10,13,10,30,0,0,0,0,4]],"count":0,"filenames":["/Users/alexbalta/CLionProjects/lab3/src/validator.c"],"name":"isValidName","regions":[[8,35,13,2,0,0,0,0],[9,42,9,47,0,0,0,0],[9,49,9,52,0,0,0,0],[9,53,10,9,0,0,0,3],[10,9,10,40,0,0,0,0],[10,13,10,30,0,0,0,0],[10,31,10,32,0,0,0,3],[10,32,10,40,0,0,0,0],[10,41,12,5,0,0,0,3],[11,1,11,1,0,0,0,2],[12,5,12,13,0,0,0,0]]},{"branches":[],"count":0,"filenames":["/Users/alexbalta/CLionProjects/lab3/src/service.c"],"name":"managerInnit","regions":[[3,21,3,45,0,0,0,0]]},{"branches":[],"count":0,"filenames":["/Users/alexbalta/CLionProjects/lab3/src/service.c"],"name":"managerDestroy","regions":[[5,23,5,45,0,0,0,0]]},{"branches":[],"count":0,"filenames":["/Users/alexbalta/CLionProjects/lab3/src/service.c"],"name":"managerGetAll","regions":[[7,23,7,39,0,0,0,0]]},{"branches":[[11,9,11,32,0,0,0,0,4],[11,36,11,58,0,0,0,0,4],[12,9,12,29,0,0,0,0,4]],"count":0,"filenames":["/Users/alexbalta/CLionProjects/lab3/src/service.c"],"name":"managerAddParticipant","regions":[[10,39,19,2,0,0,0,0],[11,9,11,32,0,0,0,0],[11,9,11,58,0,0,0,0],[11,9,12,29,0,0,0,0],[11,36,11,58,0,0,0,0],[12,9,12,29,0,0,0,0],[12,30,12,31,0,0,0,3],[12,31,15,6,0,0,0,0],[15,6,17,5,0,0,0,3],[16,1,16,1,0,0,0,2],[17,5,19,2,0,0,0,0]]},{"branches":[[22,9,22,32,0,0,0,0,4],[22,36,22,58,0,0,0,0,4]],"count":0,"filenames":["/Users/alexbalta/CLionProjects/lab3/src/service.c"],"name":"managerDeleteParticipant","regions":[[21,75,28,2,0,0,0,0],[22,9,22,32,0,0,0,0],[22,9,22,58,0,0,0,0],[22,36,22,58,0,0,0,0],[22,59,22,60,0,0,0,3],[22,60,25,6,0,0,0,0],[25,6,27,5,0,0,0,3],[26,1,26,1,0,0,0,2],[27,5,27,56,0,0,0,0]]},{"branches":[[32,9,32,32,0,0,0,0,4],[32,36,32,58,0,0,0,0,4],[33,9,33,32,0,0,0,0,4]],"count":0,"filenames":["/Users/alexbalta/CLionProjects/lab3/src/service.c"],"name":"managerUpdateParticipant","regions":[[31,44,39,2,0,0,0,0],[32,9,32,32,0,0,0,0],[32,9,32,58,0,0,0,0],[32,9,33,32,0,0,0,0],[32,36,32,58,0,0,0,0],[33,9,33,32,0,0,0,0],[33,33,33,34,0,0,0,3],[33,34,36,6,0,0,0,0],[36,6,38,5,0,0,0,3],[37,1,37,1,0,0,0,2],[38,5,38,66,0,0,0,0]]},{"branches":[],"count":0,"filenames":["/Users/alexbalta/CLionProjects/lab3/src/console.c"],"name":"uiInnit","regions":[[3,16,6,2,0,0,0,0]]},{"branches":[],"count":0,"filenames":["/Users/alexbalta/CLionProjects/lab3/src/console.c"],"name":"deallocateMemory","regions":[[8,25,8,46,0,0,0,0]]},{"branches":[],"count":0,"filenames":["/Users/alexbalta/CLionProjects/lab3/src/console.c"],"name":"printMenu","regions":[[10,18,18,2,0,0,0,0]]},{"branches":[[23,9,23,24,0,0,0,0,4],[30,21,30,35,0,0,0,0,4]],"count":0,"filenames":["/Users/alexbalta/CLionProjects/lab3/src/console.c"],"name":"uiPrintParticipants","regions":[[20,28,33,2,0,0,0,0],[22,1,22,1,0,0,0,2],[23,9,23,24,0,0,0,0],[23,25,23,26,0,0,0,3],[23,26,26,6,0,0,0,0],[26,6,28,5,0,0,0,3],[27,1,27,1,0,0,0,2],[28,5,33,2,0,0,0,0],[29,1,29,1,0,0,0,2],[30,21,30,35,0,0,0,0],[30,37,30,40,0,0,0,0],[30,41,30,42,0,0,0,3],[30,42,32,6,0,0,0,0]]},{"branches":[],"count":0,"filenames":["/Users/alexbalta/CLionProjects/lab3/src/console.c"],"name":"uiAddParticipant","regions":[[35,25,51,2,0,0,0,0],[38,1,38,1,0,0,0,2],[41,1,41,1,0,0,0,2],[44,1,44,1,0,0,0,2],[47,1,47,1,0,0,0,2],[49,1,49,1,0,0,0,2]]},{"branches":[[64,9,64,14,0,0,0,0,4]],"count":0,"filenames":["/Users/alexbalta/CLionProjects/lab3/src/console.c"],"name":"uiDeleteParticipant","regions":[[53,28,65,2,0,0,0,0],[55,1,55,1,0,0,0,2],[58,1,58,1,0,0,0,2],[61,1,61,1,0,0,0,2],[63,1,63,1,0,0,0,2],[64,9,64,14,0,0,0,0],[64,15,64,16,0,0,0,3],[64,16,64,56,0,0,0,0]]},{"branches":[[82,9,82,14,0,0,0,0,4]],"count":0,"filenames":["/Users/alexbalta/CLionProjects/lab3/src/console.c"],"name":"uiUpdateParticipant","regions":[[67,28,83,2,0,0,0,0],[70,1,70,1,0,0,0,2],[73,1,73,1,0,0,0,2],[76,1,76,1,0,0,0,2],[79,1,79,1,0,0,0,2],[81,1,81,1,0,0,0,2],[82,9,82,14,0,0,0,0],[82,15,82,16,0,0,0,3],[82,16,82,56,0,0,0,0]]},{"branches":[[94,13,94,19,0,0,0,0,4],[97,13,97,19,0,0,0,0,4],[101,13,101,19,0,0,0,0,4],[104,13,104,19,0,0,0,0,4],[107,13,107,19,0,0,0,0,4],[110,13,110,19,0,0,0,0,4],[114,13,114,20,0,0,0,0,4]],"count":0,"filenames":["/Users/alexbalta/CLionProjects/lab3/src/console.c"],"name":"consoleRun","regions":[[85,19,119,2,0,0,0,0],[87,1,87,1,0,0,0,2],[88,12,88,13,0,0,0,0],[88,14,88,15,0,0,0,3],[88,15,118,6,0,0,0,0],[92,1,92,1,0,0,0,2],[93,25,116,22,0,0,0,3],[94,13,96,22,0,0,0,0],[96,23,97,13,0,0,0,3],[97,13,100,35,0,0,0,0],[100,36,101,13,0,0,0,3],[101,13,103,22,0,0,0,0],[103,23,104,13,0,0,0,3],[104,13,106,22,0,0,0,0],[106,23,107,13,0,0,0,3],[107,13,109,22,0,0,0,0],[109,23,110,13,0,0,0,3],[110,13,112,22,0,0,0,0],[112,23,114,13,0,0,0,3],[113,1,113,1,0,0,0,2],[114,13,116,22,0,0,0,0]]},{"branches":[],"count":1,"filenames":["/Users/alexbalta/CLionProjects/lab3/src/tests.c"],"name":"entityTests","regions":[[3,20,15,2,1,0,0,0],[7,1,7,1,0,0,0,2],[9,1,9,1,0,0,0,2],[10,62,11,5,1,0,0,3],[11,11,15,2,1,0,0,0],[11,60,12,5,1,0,0,3],[12,11,15,2,1,0,0,0],[12,43,14,5,1,0,0,3],[13,1,13,1,0,0,0,2],[14,5,15,2,1,0,0,0]]},{"branches":[],"count":1,"filenames":["/Users/alexbalta/CLionProjects/lab3/src/tests.c"],"name":"repoTests","regions":[[17,18,66,2,1,0,0,0],[21,1,21,1,0,0,0,2],[25,1,25,1,0,0,0,2],[28,1,28,1,0,0,0,2],[30,1,31,11,0,0,0,2],[34,1,34,1,0,0,0,2],[35,30,37,5,1,0,0,3],[36,1,36,1,0,0,0,2],[37,11,66,2,1,0,0,0],[37,69,38,5,1,0,0,3],[38,11,66,2,1,0,0,0],[38,67,39,5,1,0,0,3],[39,11,66,2,1,0,0,0],[39,50,41,5,1,0,0,3],[40,1,40,1,0,0,0,2],[41,11,66,2,1,0,0,0],[41,69,42,5,1,0,0,3],[42,11,66,2,1,0,0,0],[42,67,43,5,1,0,0,3],[43,11,66,2,1,0,0,0],[43,50,46,5,1,0,0,3],[44,1,45,12,0,0,0,2],[46,5,66,2,1,0,0,0],[47,23,50,5,1,0,0,3],[48,1,49,14,0,0,0,2],[50,5,66,2,1,0,0,0],[51,30,53,5,1,0,0,3],[52,1,52,1,0,0,0,2],[53,11,66,2,1,0,0,0],[53,69,54,5,1,0,0,3],[54,11,66,2,1,0,0,0],[54,67,55,5,1,0,0,3],[55,11,66,2,1,0,0,0],[55,50,58,5,1,0,0,3],[56,1,57,14,0,0,0,2],[58,5,66,2,1,0,0,0],[60,1,60,1,0,0,0,2],[61,69,62,5,1,0,0,3],[62,11,66,2,1,0,0,0],[62,67,63,5,1,0,0,3],[63,11,66,2,1,0,0,0],[63,51,65,5,1,0,0,3],[64,1,64,1,0,0,0,2],[65,5,66,2,1,0,0,0]]},{"branches":[],"count":1,"filenames":["/Users/alexbalta/CLionProjects/lab3/src/tests.c"],"name":"runTests","regions":[[68,17,72,2,1,0,0,0]]},{"branches":[],"count":1,"filenames":["/Users/alexbalta/CLionProjects/lab3/src/main.c"],"name":"main","regions":[[6,33,10,2,1,0,0,0],[8,1,8,20,0,0,0,2]]}],"totals":{"branches":{"count":66,"covered":13,"notcovered":53,"percent":19.696969696969695},"functions":{"count":34,"covered":16,"percent":47.058823529411761},"instantiations":{"count":34,"covered":16,"percent":47.058823529411761},"lines":{"count":260,"covered":119,"percent":45.769230769230766},"regions":{"count":124,"covered":56,"notcovered":68,"percent":45.161290322580641}}}],"type":"llvm.coverage.json.export","version":"2.0.1"}